defending,box,edge of box,mid block,high
Albania,0.0543,0.2951,0.1443,-0.0509
Austria,0.0296,0.0449,0.0872,-0.0067
Belgium,0.1128,0.2633,0.0393,-0.0482
Croatia,0.1449,0.0853,0.1051,-0.0235
Czech Republic,0.1144,0.2671,0.0478,-0.0118
Denmark,0.0152,0.169,0.1079,-0.0249
England,0.0549,0.3888,0.2182,-0.0628
France,0.008,0.4319,0.1466,-0.0565
Georgia,0.1319,0.7222,0.1893,-0.084
Germany,0.1276,0.1791,0.0629,-0.0399
Hungary,0.0949,0.2066,0.1197,-0.0118
Italy,0.2296,0.2302,0.0908,-0.0593
Netherlands,0.0089,0.2701,0.0512,-0.0671
Poland,0.076,0.1363,0.0855,-0.0558
Portugal,0.0732,0.1099,0.0601,-0.0386
Romania,0.0776,0.2495,0.1468,-0.0442
Scotland,0.1129,0.1532,0.1219,-0.0232
Serbia,0.1139,0.1322,0.09,-0.0253
Slovakia,0.0764,0.2082,0.0749,0.0019
Slovenia,0.0504,0.2478,0.2474,-0.1145
Spain,0.2047,0.3047,0.11,-0.0216
Switzerland,0.0423,0.2751,0.1382,-0.0728
Turkey,0.1111,0.2956,0.07,-0.0411
Ukraine,0.0734,0.1904,0.08,-0.0329
