match_id,defending,frames,prevented,threat_cf,blocking_rate,xga,prevented_per100
3930158,Germany,31,0.0258,0.2892,0.1905,0.0605,0.0834
3930158,Scotland,334,0.336,4.8498,0.1736,1.8446,0.1006
3930159,Hungary,166,0.1438,2.1048,0.1919,2.0958,0.0866
3930159,Switzerland,93,0.0414,1.0467,0.1748,1.1028,0.0446
3930160,Croatia,113,0.1126,1.3416,0.2105,1.5672,0.0997
3930160,Spain,137,0.0473,1.5252,0.1954,2.4821,0.0345
3930161,Albania,410,0.2416,5.5365,0.1591,1.4498,0.0589
3930161,Italy,69,0.0228,0.5318,0.2126,0.3546,0.033
3930162,Denmark,69,0.0465,0.8259,0.196,0.9664,0.0675
3930162,Slovenia,270,0.1021,3.1392,0.1727,1.5112,0.0378
3930163,England,183,0.1528,1.9746,0.2209,0.2494,0.0835
3930163,Serbia,221,0.172,2.6946,0.1752,0.5588,0.0778
3930164,Belgium,77,0.0905,1.0848,0.1975,0.7111,0.1176
3930164,Slovakia,144,0.0955,2.2373,0.1773,1.7503,0.0663
3930165,Austria,103,0.0551,1.6485,0.1883,1.9045,0.0534
3930165,France,191,0.062,2.4144,0.1597,0.7483,0.0325
3930166,Czech Republic,298,0.29,4.2866,0.2151,1.8375,0.0973
3930166,Portugal,49,-0.0074,0.6122,0.1451,0.3148,-0.0151
3930167,Albania,361,0.0983,5.4847,0.1842,1.8586,0.0272
3930167,Croatia,54,0.0188,0.522,0.1747,1.3259,0.0348
3930168,Germany,41,0.0202,0.5081,0.173,1.228,0.0493
3930168,Hungary,404,0.3052,5.2895,0.1881,1.4837,0.0755
3930169,Scotland,111,0.0438,1.4833,0.2149,0.9902,0.0395
3930169,Switzerland,77,0.062,0.9813,0.2118,0.7719,0.0806
3930170,Serbia,111,0.1329,1.7653,0.1913,1.5522,0.1197
3930170,Slovenia,159,0.0518,2.1415,0.2323,1.4613,0.0326
3930171,Denmark,159,0.0678,1.8211,0.2006,1.1727,0.0426
3930171,England,199,0.1512,2.8916,0.1709,0.7333,0.076
3930172,Italy,224,0.1467,3.3423,0.2062,1.5339,0.0655
3930172,Spain,93,0.0559,1.0408,0.187,0.1434,0.0601
3930173,France,87,0.102,1.3463,0.2,0.7382,0.1173
3930173,Netherlands,260,0.1414,3.1486,0.223,1.2184,0.0544
3930174,Portugal,123,0.0701,1.8239,0.1867,0.779,0.057
3930174,Turkey,159,0.1593,1.7697,0.2427,1.9012,0.1002
3930175,Belgium,97,0.0794,1.3686,0.1553,1.246,0.0819
3930175,Romania,150,0.1205,2.141,0.25,1.6458,0.0803
3930176,Germany,88,0.0678,1.3468,0.1758,0.2801,0.0771
3930176,Switzerland,246,0.0465,3.3693,0.1811,1.5417,0.0189
3930177,Hungary,128,0.0692,1.3931,0.1626,0.1835,0.0541
3930177,Scotland,71,-0.0005,0.897,0.1843,1.001,-0.0007
3930178,Croatia,163,0.185,2.3715,0.2059,0.9854,0.1135
3930178,Italy,157,0.1675,2.298,0.1991,1.4832,0.1067
3930179,Albania,217,0.1188,2.7845,0.1997,0.9517,0.0548
3930179,Spain,96,0.0523,1.1278,0.2,0.5032,0.0545
3930180,Austria,97,0.0528,1.2967,0.1503,1.5102,0.0544
3930180,Netherlands,99,0.0263,1.3051,0.1515,1.0579,0.0266
3930181,England,73,0.0369,0.9472,0.2113,0.1649,0.0506
3930181,Slovenia,331,0.149,4.0722,0.2051,0.7562,0.045
3930182,Denmark,124,0.0176,1.3621,0.2123,0.3244,0.0142
3930182,Serbia,174,0.1916,2.3223,0.1357,0.5515,0.1101
3930183,Romania,97,0.031,1.0098,0.1895,0.8447,0.032
3930183,Slovakia,68,0.0169,1.112,0.1629,1.1219,0.0248
3930184,Czech Republic,201,0.0828,2.6467,0.1935,1.2175,0.0412
3930184,Turkey,31,0.086,0.5938,0.1799,1.4103,0.2773
3938637,Netherlands,77,0.0413,0.9311,0.1863,0.9092,0.0536
3938637,Poland,213,0.1422,3.737,0.2038,1.3128,0.0668
3938638,Romania,233,0.2434,3.1053,0.181,0.5435,0.1045
3938638,Ukraine,60,0.0244,0.9674,0.1386,1.1211,0.0407
3938639,Georgia,280,0.1321,3.9199,0.1564,2.4034,0.0472
3938639,Turkey,108,0.0386,1.3486,0.2176,1.5786,0.0358
3938640,Slovakia,83,0.0874,1.3298,0.1675,1.7317,0.1053
3938640,Ukraine,156,0.179,2.4099,0.2027,0.7461,0.1147
3938641,Austria,94,0.123,1.3416,0.2003,1.4381,0.1309
3938641,Poland,164,0.1035,2.7626,0.1764,1.8217,0.0631
3938642,Czech Republic,81,0.0663,1.0347,0.1621,1.1799,0.0818
3938642,Georgia,216,0.2449,3.7014,0.2125,2.8655,0.1134
3938643,France,81,0.06,0.9028,0.1182,1.1791,0.0741
3938643,Poland,202,0.0617,3.2633,0.2044,1.8915,0.0305
3938644,Georgia,415,0.4866,6.3367,0.2407,2.3561,0.1173
3938644,Portugal,38,-0.0074,0.3689,0.1786,1.3455,-0.0194
3938645,Belgium,91,0.0379,1.0203,0.1602,0.7092,0.0417
3938645,Ukraine,219,0.0956,3.2801,0.2044,0.634,0.0437
3940878,Italy,221,0.2279,3.6374,0.1931,0.7824,0.1031
3940878,Switzerland,202,0.0737,2.7132,0.2042,0.7257,0.0365
3940983,Denmark,215,0.1431,2.8366,0.1818,2.2266,0.0666
3940983,Germany,124,0.0634,1.5728,0.1925,1.0735,0.0511
3941017,England,159,0.0987,2.1923,0.2183,1.5478,0.0621
3941017,Slovakia,210,0.2237,3.2899,0.2268,1.5867,0.1065
3941018,Georgia,488,0.2537,7.8826,0.2153,2.7647,0.052
3941018,Spain,25,0.0053,0.2981,0.1324,0.1131,0.0214
3941019,Belgium,290,0.192,4.4387,0.2117,1.262,0.0662
3941019,France,110,0.1186,1.2262,0.1949,0.3632,0.1078
3941020,Portugal,42,0.124,0.5936,0.1336,3.066,0.2952
3941020,Slovenia,285,0.1923,3.2199,0.2185,4.0717,0.0675
3941021,Netherlands,53,0.0134,0.8432,0.1495,0.2677,0.0252
3941021,Romania,187,0.1797,2.3945,0.1801,2.6262,0.0961
3941022,Austria,84,0.0246,0.9728,0.1844,0.8825,0.0293
3941022,Turkey,226,0.1724,3.5225,0.193,2.487,0.0763
3942226,Germany,201,0.2248,2.9977,0.1831,1.5341,0.1118
3942226,Spain,188,0.1682,2.8413,0.1781,1.6291,0.0895
3942227,England,255,0.0953,3.0539,0.1663,4.3354,0.0374
3942227,Switzerland,310,0.2647,4.283,0.2018,4.4545,0.0854
3942349,France,290,0.2712,3.7269,0.2216,4.5428,0.0935
3942349,Portugal,245,0.096,3.854,0.1648,4.9849,0.0392
3942382,Netherlands,78,0.0636,0.8431,0.2004,1.1824,0.0816
3942382,Turkey,220,0.0302,2.548,0.2153,0.7189,0.0137
3942752,France,188,0.0755,2.3192,0.159,0.4215,0.0402
3942752,Spain,108,0.2363,1.5614,0.2203,0.8508,0.2188
3942819,England,127,0.0811,1.7446,0.1971,0.4122,0.0639
3942819,Netherlands,204,0.049,2.5741,0.1774,1.2366,0.024
3943043,England,206,0.0525,2.9492,0.1972,1.7917,0.0255
3943043,Spain,74,0.0476,1.2742,0.1992,0.7264,0.0643
