defending,matches,frames,frames_with_block,threat_obs,threat_cf,prevented,passes_deterred,deterred_per100,lanes,blocking_rate,prevented_per100,pct_reduction,xga_per_match,goals_against
Serbia,3,506,0.6443,6.2857,6.7822,0.4965,28.9518,5.7217,3255,0.1656,0.0981,7.3206,0.8875,2
Croatia,3,330,0.7848,3.9187,4.2351,0.3164,27.8877,8.4508,2403,0.2027,0.0959,7.4707,1.2928,6
Romania,4,667,0.7121,8.076,8.6506,0.5745,41.2827,6.1893,4411,0.1984,0.0861,6.6417,1.4151,6
Spain,7,721,0.6893,9.0557,9.6687,0.6129,42.1425,5.845,4799,0.1919,0.085,6.3394,0.9211,3
Italy,4,671,0.7303,9.2447,9.8095,0.5648,39.1797,5.839,4692,0.201,0.0842,5.7581,1.0385,4
Slovakia,4,505,0.6891,7.5456,7.969,0.4234,32.2259,6.3814,3421,0.1953,0.0838,5.3131,1.5476,5
Germany,5,485,0.668,6.3125,6.7145,0.4021,27.9038,5.7534,3045,0.1842,0.0829,5.988,0.8352,3
Georgia,4,1399,0.7848,20.7233,21.8406,1.1173,76.006,5.4329,10608,0.2108,0.0799,5.1156,2.5974,8
Czech Republic,3,580,0.7621,7.5291,7.9681,0.439,28.1896,4.8603,4265,0.2007,0.0757,5.5097,1.4117,4
Hungary,3,698,0.7235,8.2693,8.7875,0.5182,40.0526,5.7382,5338,0.1849,0.0742,5.8967,1.2543,5
Scotland,3,516,0.7016,6.8508,7.2301,0.3793,23.7559,4.6039,3559,0.1838,0.0735,5.2467,1.2786,7
France,6,947,0.7107,11.2466,11.9359,0.6893,55.4118,5.8513,6440,0.1835,0.0728,5.7753,1.3322,6
Belgium,4,555,0.7063,7.5126,7.9124,0.3999,32.0232,5.77,3893,0.1921,0.072,5.0535,0.9821,1
Ukraine,3,435,0.7356,6.3583,6.6573,0.299,27.7635,6.3824,2809,0.1951,0.0687,4.4914,0.8337,4
Austria,4,378,0.6958,5.0042,5.2597,0.2554,26.7318,7.0719,2529,0.1803,0.0676,4.8561,1.4338,5
Turkey,5,744,0.7661,9.2961,9.7826,0.4865,45.0894,6.0604,5386,0.2131,0.0654,4.9731,1.6192,6
England,7,1202,0.7421,15.0848,15.7533,0.6686,61.5308,5.119,8711,0.1932,0.0556,4.244,1.3193,9
Portugal,5,497,0.66,6.9773,7.2527,0.2753,21.6848,4.3631,3370,0.1674,0.0554,3.7964,2.098,8
Poland,3,579,0.7254,9.4555,9.7629,0.3075,37.0847,6.405,4065,0.1961,0.0531,3.1493,1.6753,6
Switzerland,5,928,0.7812,11.9052,12.3935,0.4884,46.9275,5.0568,7056,0.1952,0.0526,3.9405,1.7193,9
Denmark,4,567,0.7143,6.5707,6.8457,0.275,32.9494,5.8112,3778,0.1943,0.0485,4.0177,1.1725,4
Slovenia,4,1045,0.7426,12.0774,12.5727,0.4953,69.2456,6.6264,7208,0.2037,0.0474,3.9395,1.9501,5
Albania,3,988,0.7409,13.3469,13.8057,0.4587,48.4566,4.9045,7560,0.177,0.0464,3.3227,1.42,4
Netherlands,6,771,0.7147,9.3102,9.6452,0.335,38.2431,4.9602,5342,0.1915,0.0434,3.4732,0.9787,6
