team,matches,possession,def_line_height,block_width,block_depth,ppda,lb_90,lb_share,lb_allowed_90,recv_space_f3,recv_space_allowed_f3,xT_90,xg_90,xga_90,goals
Spain,7,0.5815108010197236,43.61330120907975,40.447955299019625,26.30711120467963,1.9323873121869783,69.28571428571429,0.14451441829632086,51.285714285714285,0.634167385677308,0.6037414965986394,3.6023829860921492,1.5092550420285715,0.9211353058571426,15
Portugal,5,0.6575458871515976,42.789098032636474,41.80449250658956,29.142827349888606,1.9701704545454546,52.0,0.0904467853250999,42.6,0.6230690010298661,0.6463157894736842,4.228359300671225,2.9418688635400003,2.0980376975999997,5
Germany,5,0.6227797106757004,42.59544741123341,39.699536189071964,27.156825020892434,2.080332409972299,86.8,0.15973920130399347,52.0,0.6051779935275081,0.5794621026894865,4.332444777495029,1.7451401694800004,0.8352388838,11
Austria,4,0.5295019157088122,42.578439182275375,40.021988055351855,28.555201607250112,1.75,53.25,0.14817629179331307,46.75,0.644927536231884,0.5373961218836565,2.9200209209915555,1.52873562875,1.4338352011249997,7
Croatia,3,0.553382991930478,42.38659324975775,41.55333184641641,27.831284117063973,1.9542961608775138,52.333333333333336,0.12016129032258065,49.666666666666664,0.6280623608017817,0.575187969924812,3.1406264529092844,1.941311289,1.2928123156666664,3
Slovakia,4,0.4668527564549895,41.648501183265935,41.18056521476169,26.347957717052296,3.33596837944664,48.25,0.13806552262090482,51.0,0.5138539042821159,0.6013215859030837,2.1617302999604773,0.962458747725,1.5476472258750003,4
France,6,0.5048969448910978,39.897219868238935,41.023270235095026,26.972983488429563,3.2913907284768213,57.833333333333336,0.1321716957076073,53.0,0.6271018793273986,0.6252100840336134,3.5480922510106105,2.018680707016667,1.332187203,4
Ukraine,3,0.5018549747048904,37.937302391216235,38.387768417493234,26.973171119105814,2.8575498575498575,59.666666666666664,0.15748031496062992,47.666666666666664,0.5645756457564576,0.551622418879056,2.5328473847167916,0.9947670916,0.8337248034999999,2
Netherlands,6,0.5284938941655359,37.69029456043286,42.93419252244756,25.437596647126192,3.119547657512116,58.0,0.14957478739369684,42.5,0.5580736543909348,0.6187050359712231,2.7823943332391443,1.2197474766666667,0.9786938919666667,10
Denmark,4,0.5378132118451026,37.641194529402185,41.11431760607926,24.815179607271347,2.557069846678024,59.25,0.12925598991172763,53.5,0.6082677165354331,0.6330532212885154,2.3471408340119515,0.9673991494999999,1.1725399416750002,2
Italy,4,0.5394566623544631,37.52056931209333,43.61934324053458,27.266991655712573,2.925619834710744,47.0,0.106158357771261,42.25,0.615678776290631,0.6487603305785123,2.5091551631478772,0.8260620707499999,1.0385171968000002,3
Turkey,5,0.4885160774915119,36.953555470845096,40.652775247115315,24.988501681131456,3.0523465703971118,37.8,0.10721123165283983,46.4,0.6177474402730375,0.5821138211382114,2.642160192683795,1.29297811824,1.6192149050800002,8
England,7,0.553791671754793,36.91455446756916,41.517077362044155,25.099143472854223,2.707742639040349,48.142857142857146,0.09477329974811083,47.142857142857146,0.6072477962781586,0.6337135614702155,2.8151086763427124,1.4988530852857145,1.3192558395714287,8
Romania,4,0.38334754191531684,35.97825879441022,40.98569597237533,24.86684136175039,3.3533487297921476,36.0,0.16642958748221906,70.0,0.632258064516129,0.5467775467775468,1.556103140529716,0.93918187725,1.4150680577499999,4
Scotland,3,0.4375,35.76951352425456,36.97664251935485,23.26636200272945,2.4987654320987653,42.0,0.13286713286713286,59.333333333333336,0.49122807017543857,0.6577017114914425,1.3037033584693043,0.338647919,1.278600208,2
Czech Republic,3,0.4016690856313498,35.711678014870365,44.65042408100804,24.19535685365448,2.5544303797468353,36.0,0.15849673202614378,47.333333333333336,0.5933147632311978,0.6071428571428571,2.3753898248888397,1.5301805507000001,1.4116590710666668,3
Belgium,4,0.5458590852904821,35.310911152003506,40.798732858057804,27.13578514211668,2.710112359550562,55.5,0.13599458728010824,51.25,0.6273291925465838,0.6075949367088608,2.926086874145232,1.0983176147499998,0.9820813611750001,2
Serbia,3,0.5106642291285801,35.24049331673486,40.20773680665971,24.988983349727885,2.6578947368421053,53.666666666666664,0.13402061855670103,55.0,0.6310679611650486,0.5975975975975976,2.359340012654878,0.6783928223333334,0.8875041963333334,1
Poland,3,0.4108126721763085,35.09761541848541,42.69380504329083,28.37505290380218,2.9584569732937687,39.333333333333336,0.14147018030513175,54.0,0.6,0.6280701754385964,1.5274276593296892,1.1754478897666665,1.6753071045333334,3
Switzerland,5,0.46848005881271826,34.95874117081311,40.60917810700383,25.48388961260636,2.492,59.0,0.1512222853894258,56.0,0.6,0.5950292397660819,2.4062615280904036,1.6967543284000002,1.7193211074,8
Hungary,3,0.4064366290643663,33.70485437601988,40.5213089823937,22.497812201367694,2.7084282460136673,55.666666666666664,0.19854014598540146,78.66666666666667,0.5391705069124424,0.5604395604395604,1.794669044731761,1.110630666666667,1.254332423,2
Slovenia,4,0.3198512319851232,33.374919869668446,40.74834004724568,26.038739300835147,3.7059925093632957,39.75,0.17723342939481268,61.5,0.5906040268456376,0.5687679083094556,1.5411403176611145,1.437377600075,1.95011727,2
Albania,3,0.3524663677130045,28.60785390829946,38.76856395873733,23.97040174581295,3.963815789473684,38.0,0.127129750982962,66.66666666666667,0.6,0.603648424543947,1.2738709303286266,0.7278702796666666,1.4200364033333337,3
Georgia,4,0.3399332061068702,26.615264286053787,40.14880478260463,23.104100577770723,4.262975778546712,39.5,0.1668584579976985,53.0,0.5245098039215687,0.6334552102376599,1.487510298245296,1.0542652177499998,2.5974320982249997,5
